pilot.names,match_rate,count,parse_rate,concordance,c25,c75,auc
L33_70B_run2,0.9427374301675978,716,0.9979716024340771,1,0.9679072276159655,1,0.7078763224525436
L33_70B_run3,0.9371508379888268,716,0.9940944881889764,1,1,1,0.7532401572824481
L33_70B_run4,0.9539106145251397,716,1,1,0.9927184466019418,1,0.7351402870633799
L33_70B_run5,0.952513966480447,716,1,1,0.9953703703703703,1,0.7553984302452652
