pilot.names,match_rate,match_count,parse_rate,concordance,c25,c75,auc,match_rate_lo,match_rate_hi,parse_rate_lo,parse_rate_hi,concordance_lo,concordance_hi,c25_lo,c25_hi,c75_lo,c75_hi,auc_lo,auc_hi
DeepSeek-R1,0.7877026613643316,3269,0.9392025266482432,0.8921532788709114,0.7946452206513825,0.9352668621755346,0.7808479431149925,0.7421930828454961,0.8399074045707517,0.8723886408437476,0.9904490902003509,0.84615474711686,0.9292702149726131,0.732338596814798,0.8688079491478499,0.9231314686143695,0.9568310276600336,0.7242828764433422,0.8252690879404032
GPT-5,0.9054756806362803,3269,1,0.9645998916139056,0.945165340640979,0.9799763415204301,0.8215108357646734,0.8794516662334286,0.9296503211241773,1,1,0.9563099332243201,0.977347851448571,0.910838445807771,0.9588401812936742,0.9757986949662407,0.9946808510638298,0.7752128555519244,0.8626896066232577
L3.1  8B,0.5326266975819808,3019,0.9929846938775511,0.8555210084033613,0.7757594890428835,0.9250210911136107,0.685379914392965,0.48277170000899794,0.5913800594204577,0.9839033316779306,1,0.8256029684601113,0.8983517169534856,0.6126237460357169,0.8373677891101398,0.8779616721457665,0.9400569061508013,0.633923718819288,0.7357652537089285
L3.1 70B,0.6583052921382686,3269,0.9867298578199052,0.9307751639028152,0.8830593973779516,0.9536462641301351,0.736570375428113,0.60568356374808,0.7050627056581297,0.9443030960705734,1,0.897264631043257,0.9497633679169992,0.7764857881136951,0.9167860860120258,0.9374857732532559,0.9695263629529928,0.6945349569684299,0.7865090426141017
L3.3 70B,0.7626185377791374,3269,0.9991843393148451,0.9077030684324108,0.8626670446151875,0.9621823016035307,0.7416245151499966,0.7306884306569343,0.7997942715529152,0.9975073115764448,1,0.8809280118615561,0.9358662661964069,0.7412913405669171,0.8867525322461071,0.9289372599231754,0.9767046122202033,0.7043654316529839,0.7903830968144193
Mixtral 8x7B,0.6769654328540838,3269,0.9585444495624136,0.9058755219026042,0.778785079486751,0.9490493484298228,0.710137949720386,0.6157783008758706,0.7426096931459708,0.9075046454182825,0.9916038489813784,0.8172386301806711,0.9350620822974468,0.7082418930083653,0.8708524841800049,0.9334755014177172,0.9804676069762639,0.6665286843941733,0.7648679911934163
