pilot.names,match_rate,count,parse_rate,concordance,c25,c75,mae,auc
GPT-5,0.9054756806362803,3269,1,0.9645998916139056,0.945165340640979,0.9799763415204301,4,0.8215108357646734
DeepSeek-R1,0.7877026613643316,3269,0.9392025266482432,0.8921532788709114,0.7946452206513825,0.9352668621755346,16,0.7808479431149925
L3.3 70B,0.7626185377791374,3269,0.9991843393148451,0.9077030684324108,0.8626670446151875,0.9621823016035307,24,0.7416245151499966
L3.1 70B,0.6583052921382686,3269,0.9867298578199052,0.9307751639028152,0.8830593973779516,0.9536462641301351,30,0.736570375428113
Mixtral 8x7B,0.6769654328540838,3269,0.9585444495624136,0.9058755219026042,0.778785079486751,0.9490493484298228,48,0.710137949720386
L3.1  8B,0.5326266975819808,3019,0.9929846938775511,0.8555210084033613,0.7757594890428835,0.9250210911136107,84,0.685379914392965
