pilot.names,match_rate,match_count,parse_rate,concordance,c25,c75,auc,match_rate_lo,match_rate_hi,parse_rate_lo,parse_rate_hi,concordance_lo,concordance_hi,c25_lo,c25_hi,c75_lo,c75_hi,auc_lo,auc_hi
DeepSeek-R1,0.7718352383006254,9274,1,0.8794818523970493,0.8329085512988045,0.9484992416322556,0.8123436567227925,0.7376724515675002,0.7999298087964418,1,1,0.8670892567233336,0.9017995179452493,0.807283940917674,0.8488489728277031,0.9214219785396511,0.9561540100565381,0.7790893804447597,0.847814662591981
L3.1  8B,0.65635108906620665,9274,1,0.7723693753157646,0.5585636788861972,0.891602842530006,0.7159780103414172,0.629374881710403,0.6877459289067454,1,1,0.7278016696455818,0.814798612295276,0.4490762671719564,0.6722237500346361,0.8479352863962015,0.9127916614333126,0.6857283215668271,0.7490778408680872
L3.1 70B,0.6730644813456976,9274,1,0.913983369804976,0.8681316910706758,0.959452339268824,0.7942330706483266,0.6442036671910484,0.6989483183721474,1,1,0.898762157382847,0.9307903408292032,0.8455259601043997,0.8865503589904528,0.9446943635882509,0.9673305805197959,0.7637374502384366,0.8260929994285078
L3.3 70B,0.693444037092948,9274,0.9977886589796241,0.9196551075442823,0.8578828512516765,0.9523261447415803,0.7959349848660601,0.6711495051768651,0.7186975688355401,0.9931444342619876,1,0.886037213643622,0.9368856699430936,0.8422083007047768,0.8804083978243499,0.9432075534974718,0.9617675587853884,0.7677034909990597,0.829389445838186
Mixtral 8x7B,0.6257278412766876,9274,0.9756268630545327,0.8754704944178628,0.7507006691790086,0.9381503895381191,0.7637890622821877,0.5924974763639891,0.6630380451685302,0.9603153697695651,0.9892531516662263,0.8572204125950055,0.9057016903655977,0.582594494931994,0.8052548983227293,0.9123397829023802,0.9542302063346306,0.7307993915549065,0.7973960926455852
