pilot.names,match_rate,count,parse_rate,concordance,c25,c75,mae,auc
DeepSeek-R1,0.7718352383006254,9274,1,0.8794818523970493,0.8329085512988045,0.9484992416322556,2,0.8123436567227925
L3.3 70B,0.693444037092948,9274,0.9977886589796241,0.9196551075442823,0.8578828512516765,0.9523261447415803,7,0.7959349848660601
L3.1 70B,0.6730644813456976,9274,1,0.913983369804976,0.8681316910706758,0.959452339268824,6.140000000000001,0.7942330706483266
Mixtral 8x7B,0.6257278412766876,9274,0.9756268630545327,0.8754704944178628,0.7507006691790086,0.9381503895381191,24,0.7637890622821877
L3.1  8B,0.65635108906620665,9274,1,0.7723693753157646,0.5585636788861972,0.891602842530006,50.1,0.7159780103414172
