pilot.names,match_rate,count,parse_rate,concordance,c25,c75,mae,auc
L3.3 70B,0.7626185377791374,3269,0.9991843393148451,0.9077030684324108,0.8626670446151875,0.9621823016035307,24,0.7416245151499966
Zero-shot,0.6411746711532579,3269,0.9961070559610705,0.9404448895771613,0.8976811006321197,0.9717242102224299,24,0.7461507364446146
Interval,0.7424288773325176,3269,1,0.9239146200939176,0.8760750338371307,0.9422405943501377,24,0.7373351211155951
Interval+Type,0.7112266748241052,3269,1,0.9105057218097588,0.8886053015142226,0.943381140216103,28,0.7298423794906679
No expansion,0.7641480575099419,3269,0.9804639804639804,0.9091220307241724,0.8227858431246001,0.9626344541482474,24,0.7736046326944891
No role,0.754053227286632,3269,0.9987623762376238,0.9201720234512001,0.8761770127540852,0.9440236356705083,24,0.7489117629765528
