pilot.names,match_rate,count,parse_rate,concordance,c25,c75,mae,auc
L3.3 70B,0.693444037092948,9274,0.9977886589796241,0.9196551075442823,0.8578828512516765,0.9523261447415803,7,0.7959349848660601
Zero-shot,0.5915462583566962,9274,0.999814333457111,0.9432207513126685,0.8936560326671711,0.9664300736067297,12,0.7857665599757002
Interval,0.7018546474013371,9274,1,0.9023203053187463,0.8576239259705213,0.9466148441196861,10,0.7891631945008678
Interval+Type,0.6751132197541514,9274,1,0.9060493125777853,0.8379722724869136,0.9519990401399634,6,0.7940463383856559
No expansion,0.693444037092948,9274,0.9977886589796241,0.9233732269736323,0.8714190629854928,0.9584561545621026,7,0.7945069221884997
No role,0.6925814103946517,9274,0.9971532500395381,0.9082577071914096,0.8630561386188016,0.951005701215923,8,0.7924839221420057
