pilot.names,match_rate,count,parse_rate,concordance,c25,c75,auc
DSR1_run2,0.8516355140186916,856,1,0.9066563207784581,0.8488916256157636,0.9889705882352942,0.8780391937556297
DSR1_run3,0.8364485981308412,856,1,0.8900669642857143,0.7632039359353717,0.9718045112781954,0.8346624270327875
DSR1_run4,0.8387850467289719,856,1,0.8923190235690236,0.863265306122449,0.9847560975609756,0.8599078185517508
DSR1_run5,0.8212616822429907,856,1,0.8775799793601651,0.773065476190476,0.9400620468488567,0.8524941849346674
