pilot.names,match_rate,count,parse_rate,concordance,c25,c75,auc
O1_run2,0.8377535101404057,641,0.9981024667931688,0.9416208791208791,0.9058445715261181,0.969383116883117,0.8282359763619215
O1_run3,0.8517940717628705,641,1,0.9724498802168705,0.8902410933660934,0.9845530626780626,0.8524512077928194
O1_run4,0.8549141965678627,641,1,0.9651116427432217,0.9536474164133738,0.9802973342447027,0.8400310543453712
O1_run5,0.8471138845553822,641,1,0.9414593698175788,0.87453007518797,0.96875,0.8472566095319077
