pilot.names,match_rate,count,parse_rate,concordance,c25,c75,auc
DSR1,0.7878394746712084,162641,0.9832820937604537,0.8653846153846154,0.7890625,0.9246575342465754,0.8298880020979565
